<?xml version="1.0" encoding="UTF-8" ?>
<!DOCTYPE mapper PUBLIC "-//mybatis.org//DTD Mapper 3.0//EN" 
	"http://mybatis.org/dtd/mybatis-3-mapper.dtd">

<mapper
	namespace="com.ssafy.enjoytrip.board.model.mapper.BoardMapper">


	<resultMap type="boardDto" id="article">
		<result column="article_no" property="articleNo" />
		<result column="user_id" property="userId" />
		<result column="type" property="type" />
		<result column="subject" property="subject" />
		<result column="content" property="content" />
		<result column="hit" property="hit" />
		<result column="register_time" property="date" />
	</resultMap>

	<resultMap type="CommentDto" id="comment">
		<result column="user_id" property="userId" />
		<result column="comment_id" property="commentId" />
		<result column="create_time" property="createTime" />
		<result column="comment" property="content" />
		<result column="article_no" property="articleNo" />
	</resultMap>

	<insert id="registerFile" parameterType="boardDto">
		insert into file_info (article_no, save_folder, original_file,
		save_file)
		values
		<foreach collection="fileInfos" item="fileinfo"
			separator=" , ">
			(#{articleNo}, #{fileinfo.saveFolder},
			#{fileinfo.originalFile}, #{fileinfo.saveFile})
		</foreach>
	</insert>

	<select id="announceList" resultMap="article">
		select * from board where
		type=1 order by register_time desc
	</select>


	<select id="viewAnnounce" parameterType="int"
		resultMap="article">
		select * from board
		where article_no = #{articleNo}
	</select>


	<select id="freeList" resultMap="article">
		select * from board where type=2
		order by register_time desc
	</select>


	<select id="viewFree" parameterType="int" resultMap="article">
		select *
		from board
		where article_no = #{articleNo}
	</select>

	<select id="getComments" parameterType="int" resultMap="comment">
		select * from comment 
		where article_no = #{articleNo} 
		order by create_time asc;
	</select>

	<insert id="writeFree" parameterType="boardDto">
		insert into board(user_id, type, subject, content, hit)
		values
		(#{userId}, 2, #{subject}, #{content}, 0)
		<selectKey resultType="int" keyProperty="articleNo"
			order="AFTER">
			select last_insert_id()
		</selectKey>
	</insert>

	<insert id="writeComment" parameterType="commentDto">
		insert into comment(article_no ,user_id, comment)
		values
		(#{articleNo}, #{userId}, #{content})
	</insert>

	<insert id="writeAnnounce" parameterType="boardDto">
		insert into board(user_id, type, subject, content, hit)
		values
		(#{userId}, #{type}, #{subject}, #{content}, 0)
		<selectKey resultType="int" keyProperty="articleNo"
			order="AFTER">
			select last_insert_id()
		</selectKey>
	</insert>

	<update id="modifyFree" parameterType="boardDto">
		update board
		set
		subject=#{subject}, content=#{content} where article_no = #{articleNo}
	</update>

	<update id="modifyAnnounce" parameterType="boardDto">
		update board
		set
		subject=#{subject}, content=#{content} where article_no = #{articleNo}
	</update>

	<update id="increaseHit" parameterType="int">
		update board
		set hit = hit
		+ 1 where article_no = #{articleNo}
	</update>

	<delete id="deleteFree" parameterType="int">
		delete from board
		where
		article_no = #{articleNo}
	</delete>

	<delete id="deleteAnnounce" parameterType="int">
		delete from board
		where article_no = #{articleNo}
	</delete>

	<delete id="deleteComment" parameterType="int">
		delete from comment
		where comment_id = #{commentId}
	</delete>
	

	<select id="search" parameterType="String" resultMap="article">
		select * from board where type=#{type}
		<if test="keyword != null">
			and subject like CONCAT('%', #{keyword}, '%')
		</if>

	</select>

</mapper>