<?xml version="1.0" encoding="UTF-8" ?>
<!DOCTYPE mapper PUBLIC "-//mybatis.org//DTD Mapper 3.0//EN" 
	"http://mybatis.org/dtd/mybatis-3-mapper.dtd">

<mapper namespace="com.ssafy.enjoytrip.user.model.mapper.UserMapper">

	<resultMap type="userDto" id="member">
		<result column="user_id" property="id"/>
		<result column="user_name" property="name"/>
		<result column="user_password" property="password"/>
		<result column="email" property="email"/>		
	</resultMap>
	
	<!-- <select id="idCheck" parameterType="String" resultType="int">
		select count(user_id)
		from members
		where user_id = #{userId}
	</select> -->

	<insert id="registUser" parameterType="userDto">
		insert into members (user_id, user_name, user_password, email)
		values (#{id}, #{name}, #{password}, #{email})
	</insert>

	<select id="loginUser" parameterType="String" resultMap="member">
		select *
		from members
		where user_id = #{userId} and user_password = #{userPw}
	</select>
	
	<select id="userInfo" parameterType="String" resultMap="member">
		select *
		from members
		where user_id = #{userid}
	</select>
	

	<select id="findPw" parameterType="userDto" resultType="String">
		select user_password
		from members
		where user_id = #{id} and user_name = #{name} and email = #{email}
	</select>

	<select id="getRefreshToken" parameterType="String" resultType="String">
		select token
		from members
		where user_id = #{id}
	</select>
	
	<update id="modifyUser" parameterType="userDto">
		update members set user_name = #{name}, email = #{email}
		where user_id = #{id}
	</update>
	
	<update id="saveRefreshToken" parameterType="String">
		update members set token = #{refreshToken}
		where user_id = #{userId}
	</update>
	
	<update id="deleteRefreshToken" parameterType="map">
		update members
		set token = #{token, jdbcType=VARCHAR}
		where user_id = #{userid}
	</update>
	
	<delete id="deleteUser">
		delete from members
		where user_id = #{userId}
	</delete>

</mapper>